a16z	portfoliojobs.a16z.com
a16z-crypto	jobs.a16zcrypto.com
sequoia	jobs.sequoiacap.com
lightspeed	jobs.lsvp.com
general-catalyst	jobs.generalcatalyst.com
8vc	jobs.8vc.com
khosla	jobs.khoslaventures.com
redpoint	jobs.redpoint.com
greylock	jobs.greylock.com
benchmark	jobs.benchmark.com
accel	jobs.accel.com
kleiner-perkins	jobs.kleinerperkins.com
bessemer	jobs.bvp.com
founders-fund	jobs.foundersfund.com
index	jobs.indexventures.com
thrive	jobs.thrivecap.com
insight	jobs.insightpartners.com
coatue	jobs.coatue.com
ivp	jobs.ivp.com
battery	jobs.battery.com
menlo	jobs.menlovc.com
gv	jobs.gv.com
nea	jobs.nea.com
craft	jobs.craftventures.com
felicis	jobs.felicis.com
spark	jobs.sparkcapital.com
conviction	jobs.conviction.com
radical	jobs.radical.vc
oak-hcft	jobs.oakhcft.com
flare	jobs.flarecapital.com
venrock	jobs.venrock.com
406	jobs.406ventures.com
