khosla	careers.khoslaventures.com
khosla	jobs.khoslaventures.com
khosla	khoslaventures.getro.com
redpoint	jobs.redpointventures.com
redpoint	careers.redpoint.com
redpoint	redpoint.getro.com
benchmark	benchmark.getro.com
founders-fund	jobs.foundersfund.com
founders-fund	foundersfund.getro.com
index	jobs.indexventures.com
index	index.getro.com
ivp	careers.ivp.com
ivp	ivp.getro.com
nea	careers.nea.com
nea	nea.getro.com
spark	jobs.sparkcapital.com
spark	sparkcapital.getro.com
conviction	jobs.conviction.vc
conviction	conviction.getro.com
radical	jobs.radical.vc
radical	radical.getro.com
flare	jobs.flarecapital.com
flare	flarecapital.getro.com
a16z-crypto	portfoliojobs.a16zcrypto.com
coatue	jobs.coatue.com
greylock	jobs.greylock.com
kp-consider	jobs.kleinerperkins.com
insight	jobs.insightpartners.com
